{"PLAIN-2": 0.677831262133619, "PLAIN-12": 0.0, "PLAIN-23": 0.11508023002835537, "PLAIN-33": 0.03285554183355299, "PLAIN-44": 0.0, "PLAIN-56": 0.7011864175042659, "PLAIN-68": 0.22516326555850705, "PLAIN-78": 0.0, "PLAIN-91": 0.11768826558093264, "PLAIN-102": 0.3239134396887189, "PLAIN-112": 0.28148534440926104, "PLAIN-123": 0.04929175392995458, "PLAIN-133": 0.0, "PLAIN-143": 0.44922026313329616, "PLAIN-153": 0.07768953695765951, "PLAIN-165": 0.0, "PLAIN-175": 0.36864024334781587, "PLAIN-186": 0.13886244387355454, "PLAIN-196": 0.22009176629808017, "PLAIN-207": 0.3932783996463063, "PLAIN-217": 0.0, "PLAIN-227": 0.07839826897867533, "PLAIN-238": 0.0, "PLAIN-248": 0.08514311764162098, "PLAIN-259": 0.22009176629808017, "PLAIN-270": 0.13886244387355454, "PLAIN-280": 0.13886244387355454, "PLAIN-291": 0.2489083270225946, "PLAIN-307": 0.18154179253735267, "PLAIN-320": 0.0, "PLAIN-332": 0.6131471927654584, "PLAIN-344": 0.0, "PLAIN-358": 0.0, "PLAIN-371": 0.0, "PLAIN-383": 0.14606834984270645, "PLAIN-395": 0.0, "PLAIN-407": 0.6387878864795979, "PLAIN-418": 0.3354350434265105, "PLAIN-430": 0.4726015064276488, "PLAIN-441": 0.9059532679864118, "PLAIN-457": 0.0, "PLAIN-468": 0.2648087487634283, "PLAIN-478": 0.0, "PLAIN-488": 0.7273298443105218, "PLAIN-499": 0.11004588314904008, "PLAIN-510": 0.0, "PLAIN-520": 0.0, "PLAIN-531": 0.32824101092639, "PLAIN-541": 0.22485174766247448, "PLAIN-551": 0.0, "PLAIN-561": 0.3589542101716347, "PLAIN-571": 0.2558209594125084, "PLAIN-583": 0.0, "PLAIN-593": 0.46927872602275644, "PLAIN-603": 0.0, "PLAIN-613": 0.0, "PLAIN-623": 0.0, "PLAIN-634": 0.22009176629808017, "PLAIN-645": 0.0, "PLAIN-660": 0.933745776545611, "PLAIN-671": 1.0, "PLAIN-681": 0.0, "PLAIN-691": 0.0, "PLAIN-701": 0.4125317798925535, "PLAIN-711": 0.22009176629808017, "PLAIN-721": 1.0, "PLAIN-731": 0.494639655562801, "PLAIN-741": 0.7222954974312066, "PLAIN-751": 0.0, "PLAIN-761": 0.15130120674940675, "PLAIN-771": 1.0, "PLAIN-782": 0.0, "PLAIN-792": 0.4935232796777482, "PLAIN-806": 0.8630152897016882, "PLAIN-817": 0.0, "PLAIN-827": 0.4526016377006498, "PLAIN-838": 0.7767471075223498, "PLAIN-850": 0.4537425745411855, "PLAIN-872": 0.0, "PLAIN-882": 0.3589542101716347, "PLAIN-892": 0.0, "PLAIN-902": 0.5855700749881525, "PLAIN-913": 0.9363792118010481, "PLAIN-924": 0.22009176629808017, "PLAIN-934": 0.8572048559638626, "PLAIN-946": 0.13886244387355454, "PLAIN-956": 0.3725907541108227, "PLAIN-966": 0.16716045496620227, "PLAIN-977": 0.0, "PLAIN-987": 0.0, "PLAIN-997": 0.0, "PLAIN-1008": 0.0, "PLAIN-1018": 0.49246059723271807, "PLAIN-1028": 0.0, "PLAIN-1039": 1.0, "PLAIN-1050": 0.11004588314904008, "PLAIN-1066": 0.0, "PLAIN-1088": 0.5531464700081437, "PLAIN-1098": 0.0, "PLAIN-1109": 0.5009732673492617, "PLAIN-1119": 0.0, "PLAIN-1130": 1.0, "PLAIN-1141": 0.13886244387355454, "PLAIN-1151": 0.13698471029831175, "PLAIN-1161": 0.0, "PLAIN-1172": 0.22009176629808017, "PLAIN-1183": 0.22009176629808017, "PLAIN-1193": 0.06625422345438903, "PLAIN-1203": 0.3589542101716347, "PLAIN-1214": 0.0, "PLAIN-1225": 0.6004311286161025, "PLAIN-1236": 0.3391602052736161, "PLAIN-1249": 0.0, "PLAIN-1262": 0.13886244387355454, "PLAIN-1275": 0.4537425745411855, "PLAIN-1288": 0.6749359875559982, "PLAIN-1299": 0.33013764944712026, "PLAIN-1309": 0.0, "PLAIN-1320": 0.3026024134988135, "PLAIN-1331": 0.0, "PLAIN-1342": 0.40346228142267715, "PLAIN-1353": 0.0, "PLAIN-1363": 0.22009176629808017, "PLAIN-1374": 0.06943122193677727, "PLAIN-1387": 0.6364741801035538, "PLAIN-1398": 0.7818048722226499, "PLAIN-1409": 0.0, "PLAIN-1419": 0.13886244387355454, "PLAIN-1429": 0.0, "PLAIN-1441": 0.39767223286316733, "PLAIN-1453": 0.2980272981222516, "PLAIN-1463": 0.4537425745411855, "PLAIN-1473": 0.0, "PLAIN-1485": 0.0, "PLAIN-1496": 0.0, "PLAIN-1506": 0.08514311764162098, "PLAIN-1516": 0.0, "PLAIN-1527": 0.8701249883466592, "PLAIN-1537": 0.0, "PLAIN-1547": 0.0, "PLAIN-1557": 0.15850703974098102, "PLAIN-1568": 1.0, "PLAIN-1579": 0.3391602052736161, "PLAIN-1590": 0.22009176629808017, "PLAIN-1601": 0.6442227883107535, "PLAIN-1611": 0.0, "PLAIN-1621": 0.0, "PLAIN-1635": 0.6203974344166847, "PLAIN-1645": 0.3026024134988135, "PLAIN-1656": 0.0, "PLAIN-1667": 0.8415908474314974, "PLAIN-1679": 0.0, "PLAIN-1690": 0.0, "PLAIN-1700": 0.0, "PLAIN-1710": 1.0, "PLAIN-1721": 0.5271064966405454, "PLAIN-1731": 0.7039180890341347, "PLAIN-1741": 1.0, "PLAIN-1752": 0.0, "PLAIN-1762": 0.4125317798925535, "PLAIN-1772": 0.6131471927654584, "PLAIN-1784": 0.0, "PLAIN-1794": 1.0, "PLAIN-1805": 0.8899541168509599, "PLAIN-1817": 0.5326208815196265, "PLAIN-1827": 0.0, "PLAIN-1837": 1.0, "PLAIN-1847": 0.0, "PLAIN-1857": 0.6274092458891772, "PLAIN-1867": 0.0, "PLAIN-1877": 0.0, "PLAIN-1887": 0.0, "PLAIN-1897": 0.0, "PLAIN-1909": 0.8482378089219645, "PLAIN-1919": 0.7273298443105218, "PLAIN-1929": 0.0, "PLAIN-1940": 0.3589542101716347, "PLAIN-1950": 0.13886244387355454, "PLAIN-1962": 0.0, "PLAIN-1972": 0.0, "PLAIN-1983": 0.8701249883466592, "PLAIN-1995": 0.0, "PLAIN-2009": 0.15958907712489637, "PLAIN-2019": 0.0, "PLAIN-2030": 0.3026024134988135, "PLAIN-2040": 0.5884674004369673, "PLAIN-2051": 0.7353797772725617, "PLAIN-2061": 0.9216017310213246, "PLAIN-2071": 0.6316243658611127, "PLAIN-2081": 0.0, "PLAIN-2092": 0.6489315753318465, "PLAIN-2102": 0.604685538711841, "PLAIN-2113": 0.0, "PLAIN-2124": 0.3589542101716347, "PLAIN-2134": 0.0, "PLAIN-2145": 0.1175227747072427, "PLAIN-2156": 0.644824486427155, "PLAIN-2167": 0.0, "PLAIN-2177": 0.15176219107803537, "PLAIN-2187": 0.0, "PLAIN-2197": 0.7183627972686238, "PLAIN-2209": 0.0, "PLAIN-2220": 0.2350455494144854, "PLAIN-2230": 0.0, "PLAIN-2240": 0.5834330535576521, "PLAIN-2250": 0.0, "PLAIN-2261": 0.5033242827953464, "PLAIN-2271": 0.0, "PLAIN-2281": 0.0, "PLAIN-2291": 0.3391602052736161, "PLAIN-2301": 0.0, "PLAIN-2311": 0.0, "PLAIN-2321": 0.0, "PLAIN-2332": 0.31833954895937183, "PLAIN-2343": 0.0, "PLAIN-2354": 0.5531464700081437, "PLAIN-2364": 0.0, "PLAIN-2375": 0.0, "PLAIN-2386": 0.0, "PLAIN-2396": 0.0, "PLAIN-2408": 0.0, "PLAIN-2430": 0.3589542101716347, "PLAIN-2440": 0.0, "PLAIN-2450": 0.2489083270225946, "PLAIN-2460": 0.14061891063834905, "PLAIN-2470": 0.1684271754522119, "PLAIN-2480": 0.24962297166684871, "PLAIN-2490": 0.43537793264635055, "PLAIN-2500": 0.13521046138463966, "PLAIN-2510": 0.6325414799409711, "PLAIN-2520": 0.12286566427010319, "PLAIN-2530": 0.8153420657720221, "PLAIN-2540": 0.3936377514859174, "PLAIN-2550": 0.1522237641551412, "PLAIN-2560": 0.8263333286520081, "PLAIN-2570": 0.15423215925316427, "PLAIN-2580": 0.42450190485347605, "PLAIN-2590": 0.0, "PLAIN-2600": 0.2214962420224399, "PLAIN-2610": 0.17947710508581735, "PLAIN-2620": 0.22009176629808017, "PLAIN-2630": 0.494639655562801, "PLAIN-2640": 0.5221303723185357, "PLAIN-2650": 0.4690000933206748, "PLAIN-2660": 0.08514311764162098, "PLAIN-2670": 0.2996484034259831, "PLAIN-2680": 0.333030023954615, "PLAIN-2690": 0.11004588314904008, "PLAIN-2700": 0.2996484034259831, "PLAIN-2710": 0.5578449117900516, "PLAIN-2720": 0.19770617423031872, "PLAIN-2730": 0.0, "PLAIN-2740": 0.4644168764909793, "PLAIN-2750": 0.2942206639523316, "PLAIN-2760": 0.0, "PLAIN-2770": 0.3010663784652297, "PLAIN-2780": 0.49060063040652574, "PLAIN-2790": 0.6275071330616558, "PLAIN-2800": 0.15400118823868833, "PLAIN-2810": 0.08217744903412819, "PLAIN-2820": 0.0, "PLAIN-2830": 0.31939394323979897, "PLAIN-2840": 0.0, "PLAIN-2850": 0.0, "PLAIN-2860": 1.0, "PLAIN-2870": 0.0, "PLAIN-2880": 0.0, "PLAIN-2890": 0.1285120859663631, "PLAIN-2900": 0.0, "PLAIN-2910": 0.3239134396887189, "PLAIN-2920": 0.08671382849411974, "PLAIN-2930": 0.36077903708155934, "PLAIN-2940": 0.0, "PLAIN-2950": 0.0, "PLAIN-2960": 0.27078426295835145, "PLAIN-2970": 0.0, "PLAIN-2981": 0.43122038713502514, "PLAIN-2991": 0.2640681225725909, "PLAIN-3001": 0.23719771276929622, "PLAIN-3014": 0.0, "PLAIN-3026": 0.0, "PLAIN-3037": 0.0, "PLAIN-3053": 0.7653606369886217, "PLAIN-3063": 0.0, "PLAIN-3074": 0.6309297535714575, "PLAIN-3085": 0.6131471927654584, "PLAIN-3097": 0.18454357993201065, "PLAIN-3116": 0.0,