{"PLAIN-2": 0.5209104424854425, "PLAIN-12": 0.15423215925316427, "PLAIN-23": 0.2226089397377378, "PLAIN-33": 0.5198612748245719, "PLAIN-44": 0.0, "PLAIN-56": 0.5794445823245772, "PLAIN-68": 0.620526870042558, "PLAIN-78": 0.04019569404504287, "PLAIN-91": 0.4377699119386271, "PLAIN-102": 0.3239134396887189, "PLAIN-112": 0.3518566805115763, "PLAIN-123": 0.25483467100741447, "PLAIN-133": 0.0, "PLAIN-143": 0.5282800663700055, "PLAIN-153": 0.054302655984158565, "PLAIN-165": 0.2892620740793323, "PLAIN-175": 0.31858608210110817, "PLAIN-186": 0.22009176629808017, "PLAIN-196": 0.23365080824310533, "PLAIN-207": 0.5483327772244702, "PLAIN-217": 0.0, "PLAIN-227": 0.0, "PLAIN-238": 0.13886244387355454, "PLAIN-248": 0.13886244387355454, "PLAIN-259": 0.28088150105118154, "PLAIN-270": 0.22009176629808017, "PLAIN-280": 0.3589542101716347, "PLAIN-291": 0.14279514403613733, "PLAIN-307": 0.2960819109658652, "PLAIN-320": 0.07839826897867533, "PLAIN-332": 0.6131471927654584, "PLAIN-344": 0.20348645585291125, "PLAIN-358": 0.0, "PLAIN-371": 0.0, "PLAIN-383": 0.21398626473452756, "PLAIN-395": 0.0, "PLAIN-407": 0.6387878864795979, "PLAIN-418": 0.5316519652587917, "PLAIN-430": 0.4726015064276488, "PLAIN-441": 0.5145243727351332, "PLAIN-457": 0.0, "PLAIN-468": 0.48587015953307827, "PLAIN-478": 0.0, "PLAIN-488": 0.5637884576902256, "PLAIN-499": 0.11004588314904008, "PLAIN-510": 0.0, "PLAIN-520": 0.0, "PLAIN-531": 0.7133080652109928, "PLAIN-541": 0.3900741276002217, "PLAIN-551": 0.0, "PLAIN-561": 0.33013764944712026, "PLAIN-571": 0.2247194739855928, "PLAIN-583": 0.0, "PLAIN-593": 0.46927872602275644, "PLAIN-603": 0.0, "PLAIN-613": 0.09478836436955078, "PLAIN-623": 0.3589542101716347, "PLAIN-634": 0.22009176629808017, "PLAIN-645": 0.0, "PLAIN-660": 1.0, "PLAIN-671": 1.0, "PLAIN-681": 0.0, "PLAIN-691": 0.0, "PLAIN-701": 0.3794140541514857, "PLAIN-711": 0.21726071285222986, "PLAIN-721": 1.0, "PLAIN-731": 0.8521705090845474, "PLAIN-741": 0.7222954974312066, "PLAIN-751": 0.0, "PLAIN-761": 0.15130120674940675, "PLAIN-771": 1.0, "PLAIN-782": 0.0, "PLAIN-792": 0.4935232796777482, "PLAIN-806": 0.6402900881481707, "PLAIN-817": 0.0, "PLAIN-827": 0.5677211578528083, "PLAIN-838": 0.7767471075223498, "PLAIN-850": 0.3589542101716347, "PLAIN-872": 0.0, "PLAIN-882": 0.22009176629808017, "PLAIN-892": 0.0, "PLAIN-902": 0.5855700749881525, "PLAIN-913": 0.8669479898642709, "PLAIN-924": 0.22009176629808017, "PLAIN-934": 0.5114531979843772, "PLAIN-946": 0.0, "PLAIN-956": 0.8572048559638626, "PLAIN-966": 0.20210734650054757, "PLAIN-977": 0.46927872602275644, "PLAIN-987": 0.0, "PLAIN-997": 0.0, "PLAIN-1008": 0.0, "PLAIN-1018": 0.41320541532308547, "PLAIN-1028": 0.0, "PLAIN-1039": 1.0, "PLAIN-1050": 0.0, "PLAIN-1066": 0.0, "PLAIN-1088": 0.5531464700081437, "PLAIN-1098": 0.0, "PLAIN-1109": 0.6036081270984907, "PLAIN-1119": 0.0, "PLAIN-1130": 1.0, "PLAIN-1141": 0.11004588314904008, "PLAIN-1151": 0.13886244387355454, "PLAIN-1161": 0.0, "PLAIN-1172": 0.22009176629808017, "PLAIN-1183": 0.0, "PLAIN-1193": 0.0, "PLAIN-1203": 0.16421958630632802, "PLAIN-1214": 0.0, "PLAIN-1225": 0.7183627972686238, "PLAIN-1236": 0.3391602052736161, "PLAIN-1249": 0.0, "PLAIN-1262": 0.23365080824310533, "PLAIN-1275": 0.4440973278132557, "PLAIN-1288": 0.48882922182497546, "PLAIN-1299": 0.1610425878239398, "PLAIN-1309": 0.0, "PLAIN-1320": 0.22485174766247448, "PLAIN-1331": 0.0, "PLAIN-1342": 0.31833954895937183, "PLAIN-1353": 0.0, "PLAIN-1363": 0.22009176629808017, "PLAIN-1374": 0.2934556883974402, "PLAIN-1387": 0.4220949603708207, "PLAIN-1398": 0.8263333286520081, "PLAIN-1409": 0.17947710508581735, "PLAIN-1419": 0.0, "PLAIN-1429": 0.0, "PLAIN-1441": 0.3098064936645125, "PLAIN-1453": 0.42520843362602373, "PLAIN-1463": 0.15850703974098102, "PLAIN-1473": 0.0, "PLAIN-1485": 0.0, "PLAIN-1496": 0.0, "PLAIN-1506": 0.13886244387355454, "PLAIN-1516": 0.0, "PLAIN-1527": 0.6627919420317118, "PLAIN-1537": 0.3589542101716347, "PLAIN-1547": 0.0, "PLAIN-1557": 0.22009176629808017, "PLAIN-1568": 1.0, "PLAIN-1579": 0.0, "PLAIN-1590": 0.2489083270225946, "PLAIN-1601": 0.5271064966405454, "PLAIN-1611": 0.0, "PLAIN-1621": 0.0, "PLAIN-1635": 0.6848374495230163, "PLAIN-1645": 0.3026024134988135, "PLAIN-1656": 0.0, "PLAIN-1667": 0.905211635630449, "PLAIN-1679": 0.0, "PLAIN-1690": 0.0, "PLAIN-1700": 0.0, "PLAIN-1710": 1.0, "PLAIN-1721": 0.4288398090337664, "PLAIN-1731": 0.7039180890341347, "PLAIN-1741": 0.9363792118010481, "PLAIN-1752": 0.0, "PLAIN-1762": 0.703111904094716, "PLAIN-1772": 0.0, "PLAIN-1784": 0.0, "PLAIN-1794": 0.6131471927654584, "PLAIN-1805": 0.8553475075669356, "PLAIN-1817": 0.22009176629808017, "PLAIN-1827": 0.0, "PLAIN-1837": 1.0, "PLAIN-1847": 0.0, "PLAIN-1857": 0.5174612499126158, "PLAIN-1867": 0.0, "PLAIN-1877": 0.0, "PLAIN-1887": 0.0, "PLAIN-1897": 0.0, "PLAIN-1909": 0.5220328596374271, "PLAIN-1919": 0.6325414799409711, "PLAIN-1929": 0.0, "PLAIN-1940": 0.3589542101716347, "PLAIN-1950": 0.22009176629808017, "PLAIN-1962": 0.0, "PLAIN-1972": 0.0, "PLAIN-1983": 1.0, "PLAIN-1995": 0.08514311764162098, "PLAIN-2009": 0.15958907712489637, "PLAIN-2019": 0.0, "PLAIN-2030": 0.3026024134988135, "PLAIN-2040": 0.4690000933206748, "PLAIN-2051": 0.6461194268314836, "PLAIN-2061": 0.8486026589039899, "PLAIN-2071": 0.3379841448267984, "PLAIN-2081": 0.0, "PLAIN-2092": 0.6489315753318465, "PLAIN-2102": 0.8482378089219645, "PLAIN-2113": 0.0, "PLAIN-2124": 0.3589542101716347, "PLAIN-2134": 0.0, "PLAIN-2145": 0.2350455494144854, "PLAIN-2156": 0.644824486427155, "PLAIN-2167": 0.0, "PLAIN-2177": 0.2863459897524692, "PLAIN-2187": 0.0, "PLAIN-2197": 0.6168295842361274, "PLAIN-2209": 0.0, "PLAIN-2220": 0.2350455494144854, "PLAIN-2230": 0.0, "PLAIN-2240": 0.3589542101716347, "PLAIN-2250": 0.0, "PLAIN-2261": 0.5075394027672818, "PLAIN-2271": 0.0, "PLAIN-2281": 0.0, "PLAIN-2291": 0.21398626473452756, "PLAIN-2301": 0.0, "PLAIN-2311": 0.0, "PLAIN-2321": 0.0, "PLAIN-2332": 0.1610425878239398, "PLAIN-2343": 0.0, "PLAIN-2354": 0.23819820987960558, "PLAIN-2364": 0.0, "PLAIN-2375": 0.0, "PLAIN-2386": 0.0, "PLAIN-2396": 0.0, "PLAIN-2408": 0.0, "PLAIN-2430": 0.46151254383560647, "PLAIN-2440": 0.0, "PLAIN-2450": 0.1584091525685025, "PLAIN-2460": 0.10327064981393905, "PLAIN-2470": 0.4928626492880794, "PLAIN-2480": 0.24741336046412302, "PLAIN-2490": 0.0, "PLAIN-2500": 0.11974534227438745, "PLAIN-2510": 0.7134912303184197, "PLAIN-2520": 0.033127111727194514, "PLAIN-2530": 0.8971800773117106, "PLAIN-2540": 0.11366150026645366, "PLAIN-2550": 0.08039138809008574, "PLAIN-2560": 0.9266360779006398, "PLAIN-2570": 0.0, "PLAIN-2580": 0.3388812950446278, "PLAIN-2590": 0.0879405409051344, "PLAIN-2600": 0.5803119626696572, "PLAIN-2610": 0.4440973278132557, "PLAIN-2620": 0.31833954895937183, "PLAIN-2630": 0.7155506487682609, "PLAIN-2640": 0.34010736019378485, "PLAIN-2650": 0.5388856921828065, "PLAIN-2660": 0.11004588314904008, "PLAIN-2670": 0.2996484034259831, "PLAIN-2680": 0.5723947135884462, "PLAIN-2690": 0.3589542101716347, "PLAIN-2700": 0.2996484034259831, "PLAIN-2710": 0.6170850552283429, "PLAIN-2720": 0.2879344889936633, "PLAIN-2730": 0.2661943223833928, "PLAIN-2740": 0.636945952658551, "PLAIN-2750": 0.23537653116186527, "PLAIN-2760": 0.0, "PLAIN-2770": 0.39276361617595346, "PLAIN-2780": 0.3081157284215987, "PLAIN-2790": 0.3589542101716347, "PLAIN-2800": 0.0, "PLAIN-2810": 0.0, "PLAIN-2820": 0.0, "PLAIN-2830": 0.27511096828801057, "PLAIN-2840": 0.0, "PLAIN-2850": 0.38062652754129855, "PLAIN-2860": 1.0, "PLAIN-2870": 0.12663167705327652, "PLAIN-2880": 0.0, "PLAIN-2890": 0.1285120859663631, "PLAIN-2900": 0.28148534440926104, "PLAIN-2910": 0.0, "PLAIN-2920": 0.0, "PLAIN-2930": 0.4509737963519492, "PLAIN-2940": 0.0, "PLAIN-2950": 0.0, "PLAIN-2960": 0.22883924989280793, "PLAIN-2970": 0.0, "PLAIN-2981": 0.43122038713502514, "PLAIN-2991": 0.38685280723454163, "PLAIN-3001": 0.6131471927654584, "PLAIN-3014": 0.0, "PLAIN-3026": 0.3333333333333333, "PLAIN-3037": 0.0, "PLAIN-3053": 0.7653606369886217, "PLAIN-3063": 0.0, "PLAIN-3074": 1.0, "PLAIN-3085": 0.17723928678404774,