{"PLAIN-2": 0.7142158089909709, "PLAIN-12": 0.15423215925316427, "PLAIN-23": 0.17993148201117176, "PLAIN-33": 0.34259164844131446, "PLAIN-44": 0.0, "PLAIN-56": 0.5599310493982309, "PLAIN-68": 0.42503508006474094, "PLAIN-78": 0.0, "PLAIN-91": 0.44087688808943637, "PLAIN-102": 0.3239134396887189, "PLAIN-112": 0.3518566805115763, "PLAIN-123": 0.2973071161753169, "PLAIN-133": 0.0, "PLAIN-143": 0.5282800663700055, "PLAIN-153": 0.07768953695765951, "PLAIN-165": 0.23396641903215884, "PLAIN-175": 0.31144255005982846, "PLAIN-186": 0.22009176629808017, "PLAIN-196": 0.3589542101716347, "PLAIN-207": 0.3510684246681534, "PLAIN-217": 0.0, "PLAIN-227": 0.07336392209936005, "PLAIN-238": 0.13886244387355454, "PLAIN-248": 0.13886244387355454, "PLAIN-259": 0.21222636597291458, "PLAIN-270": 0.31488013066763093, "PLAIN-280": 0.3995688713838975, "PLAIN-291": 0.0, "PLAIN-307": 0.43734888382569426, "PLAIN-320": 0.0, "PLAIN-332": 0.6131471927654584, "PLAIN-344": 0.12279662485798212, "PLAIN-358": 0.0, "PLAIN-371": 0.0, "PLAIN-383": 0.16958010263680806, "PLAIN-395": 0.0, "PLAIN-407": 0.6387878864795979, "PLAIN-418": 0.3354350434265105, "PLAIN-430": 0.4726015064276488, "PLAIN-441": 0.7339871493674252, "PLAIN-457": 0.0, "PLAIN-468": 0.5282800663700055, "PLAIN-478": 0.0, "PLAIN-488": 0.7778721720600672, "PLAIN-499": 0.11004588314904008, "PLAIN-510": 0.0, "PLAIN-520": 0.0, "PLAIN-531": 0.5548010254700118, "PLAIN-541": 0.48915524981173886, "PLAIN-551": 0.0, "PLAIN-561": 0.3589542101716347, "PLAIN-571": 0.2437748474873753, "PLAIN-583": 0.0, "PLAIN-593": 0.46927872602275644, "PLAIN-603": 0.0, "PLAIN-613": 0.07336392209936005, "PLAIN-623": 0.33013764944712026, "PLAIN-634": 0.22009176629808017, "PLAIN-645": 0.0, "PLAIN-660": 0.8611375561264454, "PLAIN-671": 1.0, "PLAIN-681": 0.0, "PLAIN-691": 0.0, "PLAIN-701": 0.4380225361027965, "PLAIN-711": 0.33013764944712026, "PLAIN-721": 1.0, "PLAIN-731": 0.6961622681399229, "PLAIN-741": 0.7155506487682609, "PLAIN-751": 0.0, "PLAIN-761": 0.15130120674940675, "PLAIN-771": 1.0, "PLAIN-782": 0.0, "PLAIN-792": 0.4935232796777482, "PLAIN-806": 0.9266360779006398, "PLAIN-817": 0.0, "PLAIN-827": 0.46474568322493615, "PLAIN-838": 0.7767471075223498, "PLAIN-850": 0.42520843362602373, "PLAIN-872": 0.0, "PLAIN-882": 0.3589542101716347, "PLAIN-892": 0.0, "PLAIN-902": 0.44149241373678083, "PLAIN-913": 0.8553475075669356, "PLAIN-924": 0.22009176629808017, "PLAIN-934": 0.6785038377365555, "PLAIN-946": 0.08514311764162098, "PLAIN-956": 0.6442227883107535, "PLAIN-966": 0.20210734650054757, "PLAIN-977": 0.46927872602275644, "PLAIN-987": 0.0, "PLAIN-997": 0.0, "PLAIN-1008": 0.0, "PLAIN-1018": 0.5587148206871071, "PLAIN-1028": 0.0, "PLAIN-1039": 1.0, "PLAIN-1050": 0.09478836436955078, "PLAIN-1066": 0.0, "PLAIN-1088": 0.5531464700081437, "PLAIN-1098": 0.0, "PLAIN-1109": 0.5672274908036508, "PLAIN-1119": 0.0, "PLAIN-1130": 1.0, "PLAIN-1141": 0.22009176629808017, "PLAIN-1151": 0.21726071285222986, "PLAIN-1161": 0.0, "PLAIN-1172": 0.22009176629808017, "PLAIN-1183": 0.07336392209936005, "PLAIN-1193": 0.0, "PLAIN-1203": 0.22009176629808017, "PLAIN-1214": 0.0, "PLAIN-1225": 0.7682269253321374, "PLAIN-1236": 0.3391602052736161, "PLAIN-1249": 0.0, "PLAIN-1262": 0.21222636597291458, "PLAIN-1275": 0.4818998405251556, "PLAIN-1288": 0.6175852859163219, "PLAIN-1299": 0.3589542101716347, "PLAIN-1309": 0.0, "PLAIN-1320": 0.28162497265977743, "PLAIN-1331": 0.0, "PLAIN-1342": 0.43735247915031, "PLAIN-1353": 0.0, "PLAIN-1363": 0.22009176629808017, "PLAIN-1374": 0.2051166673279436, "PLAIN-1387": 0.5631102580041938, "PLAIN-1398": 0.7967610662472991, "PLAIN-1409": 0.2578753740644927, "PLAIN-1419": 0.22009176629808017, "PLAIN-1429": 0.0, "PLAIN-1441": 0.5993294818993699, "PLAIN-1453": 0.5548989126424902, "PLAIN-1463": 0.21222636597291458, "PLAIN-1473": 0.0, "PLAIN-1485": 0.0, "PLAIN-1496": 0.0, "PLAIN-1506": 0.13886244387355454, "PLAIN-1516": 0.0, "PLAIN-1527": 0.7846170207230129, "PLAIN-1537": 0.1884441521277154, "PLAIN-1547": 0.0, "PLAIN-1557": 0.22009176629808017, "PLAIN-1568": 1.0, "PLAIN-1579": 0.3391602052736161, "PLAIN-1590": 0.1635413866202963, "PLAIN-1601": 0.5045411175298191, "PLAIN-1611": 0.0, "PLAIN-1621": 0.0, "PLAIN-1635": 0.9266360779006398, "PLAIN-1645": 0.3026024134988135, "PLAIN-1656": 0.0, "PLAIN-1667": 0.8643145546088337, "PLAIN-1679": 0.0, "PLAIN-1690": 0.0, "PLAIN-1700": 0.0, "PLAIN-1710": 1.0, "PLAIN-1721": 0.5388856921828065, "PLAIN-1731": 0.7039180890341347, "PLAIN-1741": 1.0, "PLAIN-1752": 0.0, "PLAIN-1762": 0.6291031399287498, "PLAIN-1772": 0.20438239758848611, "PLAIN-1784": 0.0, "PLAIN-1794": 0.8503449055347546, "PLAIN-1805": 0.7503359712972107, "PLAIN-1817": 0.4636440365082036, "PLAIN-1827": 0.0, "PLAIN-1837": 1.0, "PLAIN-1847": 0.0, "PLAIN-1857": 0.538431315257452, "PLAIN-1867": 0.0, "PLAIN-1877": 0.0, "PLAIN-1887": 0.0, "PLAIN-1897": 0.0, "PLAIN-1909": 0.6929852696575346, "PLAIN-1919": 0.6274092458891772, "PLAIN-1929": 0.0, "PLAIN-1940": 0.3589542101716347, "PLAIN-1950": 0.13886244387355454, "PLAIN-1962": 0.0, "PLAIN-1972": 0.0, "PLAIN-1983": 1.0, "PLAIN-1995": 0.0, "PLAIN-2009": 0.15958907712489637, "PLAIN-2019": 0.0, "PLAIN-2030": 0.3026024134988135, "PLAIN-2040": 0.6207622843987102, "PLAIN-2051": 0.6083169141195838, "PLAIN-2061": 0.8414929602590189, "PLAIN-2071": 0.43231813227099475, "PLAIN-2081": 0.0, "PLAIN-2092": 0.6489315753318465, "PLAIN-2102": 0.7564477297898764, "PLAIN-2113": 0.0, "PLAIN-2124": 0.3589542101716347, "PLAIN-2134": 0.0, "PLAIN-2145": 0.2350455494144854, "PLAIN-2156": 0.644824486427155, "PLAIN-2167": 0.0, "PLAIN-2177": 0.13886244387355454, "PLAIN-2187": 0.0, "PLAIN-2197": 0.6207622843987102, "PLAIN-2209": 0.0, "PLAIN-2220": 0.2350455494144854, "PLAIN-2230": 0.0, "PLAIN-2240": 0.5958595188912911, "PLAIN-2250": 0.0, "PLAIN-2261": 0.44519897452998813, "PLAIN-2271": 0.0, "PLAIN-2281": 0.0, "PLAIN-2291": 0.3391602052736161, "PLAIN-2301": 0.0, "PLAIN-2311": 0.0, "PLAIN-2321": 0.0, "PLAIN-2332": 0.17947710508581735, "PLAIN-2343": 0.0, "PLAIN-2354": 0.4703652827859579, "PLAIN-2364": 0.0, "PLAIN-2375": 0.0, "PLAIN-2386": 0.0, "PLAIN-2396": 0.0, "PLAIN-2408": 0.0, "PLAIN-2430": 0.43735247915031, "PLAIN-2440": 0.0, "PLAIN-2450": 0.07839826897867533, "PLAIN-2460": 0.09508977831648074, "PLAIN-2470": 0.5818462350194589, "PLAIN-2480": 0.24171075906236392, "PLAIN-2490": 0.1684271754522119, "PLAIN-2500": 0.18979187714092388, "PLAIN-2510": 0.737715796139807, "PLAIN-2520": 0.10293618450406906, "PLAIN-2530": 0.9241189044609822, "PLAIN-2540": 0.08097408658478235, "PLAIN-2550": 0.0, "PLAIN-2560": 0.8579809428223729, "PLAIN-2570": 0.1222260944107594, "PLAIN-2580": 0.38614556837753683, "PLAIN-2590": 0.07171242235367577, "PLAIN-2600": 0.5803119626696572, "PLAIN-2610": 0.40002324830925196, "PLAIN-2620": 0.25251084951271896, "PLAIN-2630": 0.7183627972686238, "PLAIN-2640": 0.5422783223236329, "PLAIN-2650": 0.47842151728792726, "PLAIN-2660": 0.11004588314904008, "PLAIN-2670": 0.2996484034259831, "PLAIN-2680": 0.4540624933631242, "PLAIN-2690": 0.40634839235641007, "PLAIN-2700": 0.2996484034259831, "PLAIN-2710": 0.6170850552283429, "PLAIN-2720": 0.41939799988819815, "PLAIN-2730": 0.3530647967427979, "PLAIN-2740": 0.5034705740614817, "PLAIN-2750": 0.28090456708041334, "PLAIN-2760": 0.0, "PLAIN-2770": 0.4308451309357158, "PLAIN-2780": 0.29331244827420955, "PLAIN-2790": 0.23365080824310533, "PLAIN-2800": 0.0, "PLAIN-2810": 0.10369639533646702, "PLAIN-2820": 0.0, "PLAIN-2830": 0.6387878864795979, "PLAIN-2840": 0.0, "PLAIN-2850": 0.5494063797702666, "PLAIN-2860": 1.0, "PLAIN-2870": 0.10907458963273321, "PLAIN-2880": 0.0, "PLAIN-2890": 0.13956838328637602, "PLAIN-2900": 0.28148534440926104, "PLAIN-2910": 0.11538029521800254, "PLAIN-2920": 0.08274602130532004, "PLAIN-2930": 0.4745921515613674, "PLAIN-2940": 0.0, "PLAIN-2950": 0.0, "PLAIN-2960": 0.38009376671593426, "PLAIN-2970": 0.0, "PLAIN-2981": 0.43122038713502514, "PLAIN-2991": 0.6131471927654584, "PLAIN-3001": 0.3065735963827292, "PLAIN-3014": 0.0, "PLAIN-3026": 0.43067655807339306, "PLAIN-3037": 0.0,