{"nfcorpus": {"bm25": 0.26162466276920837, "direct": 0.2835069585974376, "reason": 0.26662605433654474}, "scifact": {"bm25": 0.5438365822615164, "direct": 0.5938163796303539, "reason": 0.47020917696112047}, "trec-covid": {"bm25": 0.4131660472275441, "direct": 0.6040470955956642, "reason": 0.5837776933109011}, "bright_biology": {"bm25": 0.05620336640742341, "direct": 0.111340768705548, "reason": 0.10999474844681718}, "bright_economics": {"bm25": 0.05914190883454292, "direct": 0.08546829600678783, "reason": 0.06775801183989548}}