{"1": 0.363255308701571, "2": 1.0, "3": 0.36170802454671325, "4": 0.34800724239482544, "5": 0.3430184917061137, "6": 0.7948833326720564, "7": 0.7065443116025597, "8": 0.7452020752062748, "9": 0.22687128727059275, "10": 0.8227308061618839, "11": 0.14279514403613733, "12": 0.19978443569194876, "13": 0.805666250101154, "14": 0.6238457461440609, "15": 0.11004588314904008, "16": 0.5530762365551302, "17": 0.7441745919126048, "18": 0.7510916729774053, "19": 0.47448881712534446, "20": 1.0, "21": 0.6687607038361472, "22": 0.7675598401579915, "23": 0.2037999497002249, "24": 1.0, "25": 0.48253875008738417, "26": 0.5617131059245698, "27": 0.2290648258145613, "28": 1.0, "29": 0.5347352560302902, "30": 0.9652843890316114, "31": 0.38275215188755174, "32": 0.11682540412155266, "33": 0.5297517776997474, "34": 0.28371255449703187, "35": 0.24703059344735182, "36": 0.7407090992125821, "37": 0.7142469319986142, "38": 0.9633180389503199, "39": 0.8568270051237653, "40": 1.0, "41": 0.28997736516021183, "42": 1.0, "43": 1.0, "44": 1.0, "45": 0.722599487264994, "46": 0.20483424751859086, "47": 0.5478527392247046, "48": 0.7910668943252532, "49": 0.7887125008147067, "50": 0.4914915099980311}