{"1": 0.17947710508581735, "2": 0.25880978898961277, "3": 0.2984900352767555, "4": 0.0, "5": 0.3226500999620519, "6": 0.6457545768494583, "7": 0.7315449642824573, "8": 0.2931255107249818, "9": 0.1736666713479918, "10": 0.8155721639306734, "11": 0.0, "12": 0.06943122193677727, "13": 0.5161432618662966, "14": 0.5270910316932187, "15": 0.22009176629808017, "16": 0.3862682502129559, "17": 0.6816706436297859, "18": 0.3347092591719316, "19": 0.451855388493199, "20": 0.9266360779006398, "21": 0.6055047656192208, "22": 0.8203601149850716, "23": 0.3589542101716347, "24": 0.9216017310213246, "25": 0.3658618387636915, "26": 0.0, "27": 0.3445459298093775, "28": 0.66234603284566, "29": 0.5772476786757035, "30": 0.9668728882728055, "31": 0.12096982779948581, "32": 0.033127111727194514, "33": 0.42257499837058643, "34": 0.13886244387355454, "35": 0.0, "36": 0.07336392209936005, "37": 0.49976943347286085, "38": 0.5695818843141973, "39": 0.7887125008147067, "40": 0.9363792118010481, "41": 0.0, "42": 0.914856882358379, "43": 0.4521472607752954, "44": 0.7967610662472991, "45": 0.4979413836002715, "46": 0.034715610968388634, "47": 0.0, "48": 0.3436966913921454, "49": 0.5454320122180587, "50": 0.033127111727194514}