{"1": 0.27453478697958866, "2": 1.0, "3": 0.3572245010257642, "4": 0.30523488393970116, "5": 0.388244052766991, "6": 0.7065443116025597, "7": 0.6712778772758048, "8": 0.5626475208496899, "9": 0.24309789328476902, "10": 0.7847798006521239, "11": 0.3589542101716347, "12": 0.17947710508581735, "13": 0.9266360779006398, "14": 0.4993821301600198, "15": 0.11004588314904008, "16": 0.5163942755054501, "17": 0.8954753162547368, "18": 0.6874253192566763, "19": 0.6370433781052213, "20": 1.0, "21": 0.5431008121547419, "22": 0.8899541168509599, "23": 0.2879344889936633, "24": 0.9633180389503199, "25": 0.611755947233009, "26": 0.3398414932237254, "27": 0.2804787021221876, "28": 1.0, "29": 0.42751580851286414, "30": 1.0, "31": 0.2927345575997523, "32": 0.21419271605420598, "33": 0.5092044280937331, "34": 0.11004588314904008, "35": 0.1884441521277154, "36": 0.914856882358379, "37": 0.5807432100164781, "38": 0.8813562702265281, "39": 0.8841134626660687, "40": 1.0, "41": 0.28997736516021183, "42": 1.0, "43": 1.0, "44": 0.8620764229140668, "45": 0.4115292214985707, "46": 0.11004588314904008, "47": 0.5360735436824435, "48": 0.7286397474135446, "49": 0.785807283945794, "50": 0.4407249034817829}